x,y,t_est
88.364456,57.784378,6.0
74.283936,54.40678,6.028007392560418
60.256474,46.311462,6.059333590754743
82.13437,57.717567,6.107055941193813
101.03639,67.84934,6.148537546291932
69.284134,48.406086,6.220552963787928
77.81013,57.588833,6.244789834261141
91.29688,63.03135,6.272920130644724
107.66841,65.91405,6.305073377172459
76.40689,56.871525,6.368018713353804
72.313515,51.168285,6.381597233515043
100.56871,68.07376,6.445284155642713
85.40742,57.31956,6.481237590863394
65.73637,47.454475,6.523802251948955
78.559,57.776672,6.555641589454846
102.01643,67.376236,6.604665619495826
92.44081,67.234024,6.623188995419029
102.319664,67.23141,6.642296850097295
73.051186,52.32614,6.705826725846588
70.23932,48.974834,6.714288313025852
88.56056,57.891556,6.753699666106986
91.96877,65.819046,6.770390181957669
86.83264,57.347816,6.789551785313305
92.62934,67.65634,6.812426916594417
104.750336,66.19454,6.8360414413276605
73.5264,53.136063,6.901504294882903
93.27278,68.66579,6.950094828173206
71.30269,49.905098,7.0059749230682975
64.975815,47.35335,7.019170309305207
89.05592,58.24083,7.070285965732493
100.71979,68.00157,7.099703751173035
106.31808,65.80417,7.111336332723559
108.06331,66.10597,7.114762088869287
67.84049,47.865753,7.200187546900381
82.02788,57.731422,7.233611671155577
98.86425,68.84363,7.272630385055974
72.67582,51.715893,7.333156047423055
97.88674,69.218376,7.392518804352347
88.70565,57.981354,7.420585834211307
70.66043,49.300117,7.45931821549088
95.17704,69.66583,7.520965663348636
90.98131,61.803932,7.538202309382621
74.11193,54.128273,7.574050190072217
67.423485,47.758686,7.591914963674919
75.07062,55.54406,7.613022828855497
93.32456,68.72479,7.656572287189878
92.49515,67.36309,7.659656225976192
109.09305,67.57011,7.691762674579102
74.6767,55.005707,7.762628708717552
84.74091,57.372154,7.782625974739425
83.09207,57.584,7.785841405584947
78.128586,57.682087,7.795443738494242
65.000305,47.356487,7.827749793290238
92.592575,67.57944,7.8939187323175775
94.47159,69.50913,7.899128353234523
84.89339,57.357613,7.929055725240262
92.58727,67.568146,7.953784285837721
89.3978,58.564568,7.972259571779331
85.80336,57.30451,7.979626820047061
109.05394,67.45857,8.028700114490704
72.61481,51.620525,8.105550987612382
84.3335,57.416786,8.130838569334903
91.34593,63.23906,8.148467883725765
91.305405,63.06719,8.14880943377647
62.731583,47.02679,8.21219034814794
84.717255,57.374527,8.259190063944503
108.320114,66.29982,8.307998153062343
93.38754,68.792984,8.337280805416375
87.94448,57.602074,8.361351005403748
74.52983,54.788445,8.38786244466432
98.66312,68.92605,8.441961360265804
73.594505,53.253242,8.499145954412366
84.93126,57.354206,8.522464303806613
67.8154,47.858814,8.560323378980756
73.32133,52.783768,8.574611794241415
70.60834,49.25702,8.583218142719666
84.30343,57.420364,8.614056371516359
89.181885,58.35109,8.623662556851194
71.52109,50.144382,8.661330359069645
102.03093,67.36928,8.729098331384533
92.67618,67.75073,8.747207490370368
96.70082,69.55569,8.755739036593845
63.39724,47.13958,8.83338794985357
73.5922,53.24928,8.856377137411501
87.72062,57.527298,8.884929865173985
91.83847,65.328674,8.901992488974171
100.10727,68.291534,8.918981879359581
72.33709,51.20249,8.982050970622089
71.38096,49.98879,8.98503947918569
79.996185,57.89074,9.007651047644075
66.2157,47.525764,9.041003517102709
94.11699,69.35312,9.109522764034542
106.67454,65.77663,9.134777703013832
65.80095,47.463623,9.22140855928951
104.915665,66.138336,9.305245368242186
68.09816,47.941082,9.384681894413845
76.40583,56.87075,9.408272718184527
97.43371,69.365585,9.455583723578897
91.13893,62.39004,9.473757392745748
64.61357,47.307106,9.532777648926203
75.18191,55.68387,9.55886163282563
79.86053,57.89057,9.568867169042655
106.91785,65.777115,9.623379729115605
80.97552,57.84513,9.675850918379016
75.69756,56.260036,9.686510087288903
104.00347,66.47797,9.744717851674388
85.33286,57.3239,9.784937892108454
62.00487,46.874073,9.834379537918213
60.975353,46.582985,9.836448913537419
64.781975,47.3286,9.84395166206412
68.08688,47.937626,9.85045170113327
67.83224,47.863464,9.850964693919853
105.982315,65.85555,9.932549788638855
73.884186,53.748222,9.998904373464697
86.084404,57.303146,10.023483615618877
74.4463,54.66118,10.046566982073106
105.78893,65.89461,10.11096656724864
107.52535,65.8685,10.114325561175821
73.66033,53.366364,10.184149023862144
64.37273,47.276096,10.205631110813894
73.5063,53.101463,10.226584768756446
63.259483,47.117928,10.24953603216372
94.03549,69.30809,10.322923368058472
68.93807,48.247204,10.386294945820417
91.60011,64.34067,10.440056723706043
78.77941,57.81267,10.46788427060034
75.13112,55.620747,10.476116530608092
66.16168,47.517296,10.499497116079603
65.39946,47.408455,10.500986370355772
87.790306,57.549076,10.548529668162637
72.77513,51.87362,10.579577706601146
91.200226,62.633213,10.620847448955065
102.7788,67.01567,10.64479344695067
76.0424,56.58198,10.700305729140517
75.27876,55.80104,10.702418381291317
87.3976,57.442387,10.72607286729157
102.9538,66.93498,10.76132154626935
87.94472,57.60216,10.795507113854919
74.40376,54.595406,10.822336195858021
73.56321,53.199406,10.82548804513432
95.13926,69.66168,10.877981030820553
103.97244,66.49064,10.896133904681204
65.96929,47.48809,10.978317361883565
81.25386,57.820103,11.014001899537089
86.36154,57.31073,11.023930270293082
92.42379,67.19231,11.046353559803322
68.11478,47.946205,11.106324930141888
71.20676,49.8056,11.113303594503371
108.45938,66.43607,11.19221233258013
93.277695,68.67151,11.221893641835111
67.05038,47.676136,11.286875232091141
79.78789,57.88972,11.318454643119772
74.87908,55.29064,11.32919810932166
79.49469,57.880463,11.339435044548129
89.37785,58.54345,11.358594191009669
106.95904,65.77898,11.395367282695325
80.78044,57.8599,11.44826843403609
98.47919,68.99922,11.488717647635884
84.019806,57.455715,11.524504662712094
73.8353,53.665348,11.54552374881845
80.66119,57.867683,11.561027971718453
76.77666,57.116966,11.568680522350189
74.26545,54.377274,11.575868968347894
69.432274,48.48101,11.590615462088259
63.283775,47.121803,11.602795119377895
63.616543,47.172565,11.603446210841776
72.93113,52.12703,11.623852734801696
81.7729,57.7632,11.64413375275085
71.50804,50.129574,11.668876592804834
93.61654,69.01099,11.725111909950147
90.27472,59.875393,11.743927274567282
84.668304,57.37953,11.755797326297472
65.262024,47.390335,11.798014156965252
101.74204,67.508316,11.878592948577623
99.37213,68.62584,11.883660943377116
73.00548,52.24997,11.943695562545495
92.74753,67.887184,11.992408326824913
74.56288,54.83807,12.035700287021022
108.43132,66.40654,12.104925305981968
76.15849,56.679646,12.17012158444306
73.49158,53.07614,12.178792763269858
108.5905,66.59001,12.25153989258023
93.21804,68.60042,12.281526771962643
90.96892,61.76042,12.295453695398612
88.533585,57.875877,12.304321726089828
106.84482,65.77513,12.342894678698226
75.996254,56.541702,12.405177996030623
108.8618,67.01758,12.47189836113984
94.893555,69.6239,12.499382278851769
109.11921,67.65021,12.527161356084962
62.290203,46.9384,12.626202649984403
108.11298,66.13849,12.722299799986107
68.867386,48.21734,12.805749228469832
92.12111,66.33725,12.86276984800962
68.91644,48.237976,12.919691098274058
96.1428,69.64946,12.986686723096444
81.79806,57.760162,13.022723797613569
90.74434,61.036118,13.04115150402544
71.67781,50.327328,13.083449034748805
85.39762,57.320107,13.113234237582507
95.05159,69.650406,13.143524074641157
89.69113,58.91278,13.166737196529642
86.577896,57.323666,13.173497974686963
108.88264,67.05848,13.220570181393239
90.68565,60.866447,13.257749030969562
97.15971,69.44433,13.278535665220701
66.14101,47.514088,13.352012907494057
108.9283,67.15332,13.443074339454679
65.798256,47.46324,13.534779512745224
78.87851,57.82636,13.567057618888931
60.722965,46.49486,13.608452891610845
89.374695,58.540127,13.668569736377911
64.84805,47.33703,13.720724283077136
62.297134,46.939888,13.725717747701747
72.50768,51.456062,13.747312755510432
75.22398,55.73528,13.757116395060223
92.5421,67.46969,13.797578715170417
91.76163,65.02105,13.802549681413062
69.87601,48.73332,13.855317695941704
90.026215,59.413406,13.899428673876876
91.29399,63.01921,13.906821606032025
67.267746,47.722847,13.961912496290958
66.251755,47.531487,13.963912197092398
88.24255,57.725243,14.010794845662055
62.820454,47.043148,14.064131230991592
62.73942,47.02825,14.06429059526428
68.796814,48.188347,14.076219849977917
92.12008,66.33395,14.133377132469944
64.82164,47.33366,14.197708870559868
59.841995,46.123955,14.207620721901073
77.25728,57.37197,14.247720650723362
79.44801,57.878082,14.252069607994743
76.39547,56.863194,14.258291658294592
87.33865,57.429527,14.279486476451105
62.4294,46.967644,14.331743358587106
91.37279,63.354008,14.396075588179425
91.049194,62.049133,14.39867595169904
90.173035,59.67565,14.403569589747137
73.6677,53.379017,14.437738719030685
77.249405,57.368324,14.44810857591438
80.15135,57.888752,14.453811117435254
83.94881,57.46496,14.461201829256831
108.97946,67.269,14.513197854288267
90.77887,61.139618,14.550344443039549
96.19858,69.64244,14.56984757702215
108.233795,66.22717,14.594045441730913
107.11398,65.79105,14.596369874322265
95.94585,69.66956,14.61923703690513
69.41282,48.47092,14.684925985733301
103.511894,66.6853,14.759700711814828
90.42824,60.208614,14.7879382670426
95.237015,69.67156,14.80846938988932
99.81618,68.426125,14.817648238242574
70.455025,49.13498,14.885600300233543
101.509,67.62091,14.955502374956827
63.73288,47.189407,15.038572048931718
92.998146,68.30362,15.108372007129933
80.008644,57.890663,15.14057291709629
86.428856,57.31406,15.153040985818494
100.82977,67.948814,15.187667497170024
96.847244,69.52318,15.19595063427214
74.652145,54.969982,15.247286461818428
61.066086,46.612896,15.278138409122274
92.36841,67.052155,15.35044811689358
88.572655,57.898685,15.369614815450893
77.57456,57.50553,15.390901112911326
70.86509,49.477745,15.411137718673807
73.710464,53.452335,15.420592367545394
91.25897,62.87323,15.459116979060697
102.26785,67.256035,15.482035982778818
86.29464,57.30802,15.518433541898238
66.691666,47.606483,15.560739282610902
67.401405,47.75348,15.562141206951924
89.673546,58.889763,15.61030536565767
75.80003,56.360825,15.63758194810282
89.972694,59.32484,15.665588043451855
107.98245,66.0575,15.7027773720662
60.397987,46.370056,15.802382569482301
90.2498,59.824986,15.865716485050656
76.785515,57.122295,15.892278830189616
103.911285,66.51577,15.94780283092535
74.90802,55.329956,16.007929063494736
92.933075,68.20419,16.05077312055974
70.27634,49.001396,16.108218895037474
87.874054,57.57702,16.146083194031313
92.40972,67.15736,16.16658546166697
98.88393,68.835434,16.179521796287393
78.39067,57.743687,16.224593656733315
102.309204,67.23637,16.2743676321761
79.44081,57.87769,16.322160751124784
85.28304,57.327034,16.333510979312557
60.90506,46.55918,16.385058246442767
70.797195,49.41732,16.404974424687342
73.06592,52.350796,16.412147320282344
67.66361,47.81824,16.42578719199689
77.43954,57.45182,16.452334262354242
94.51079,69.52278,16.492774477879614
106.62866,65.7784,16.517306516428654
88.09761,57.66174,16.556437034712374
89.39226,58.558678,16.559483422267764
61.616455,46.775974,16.61784192869205
106.319016,65.804054,16.711813596550677
62.7649,47.032974,16.80354761861524
64.595535,47.3048,16.807127287486644
104.239914,66.38359,16.89222576571605
99.524216,68.55829,16.902270135512158
90.66366,60.804863,16.925043450695483
72.28844,51.132133,16.96520865391806
94.44414,69.499176,17.02087325132686
68.64038,48.1269,17.08567988377423
92.69243,67.78257,17.145760510469557
94.68503,69.57575,17.150945494474463
70.26659,48.994358,17.212715029162485
104.274055,66.370285,17.286581647756584
79.4138,57.876167,17.33739610161217
81.50524,57.79402,17.34144452104468
93.096344,68.44329,17.37188990865547
77.229965,57.35925,17.409325787346248
65.51477,47.42392,17.439037069267044
69.378174,48.45314,17.44677035703041
87.4516,57.454853,17.48582429377789
81.048904,57.83896,17.498230766749103
88.20528,57.70822,17.512075065431873
83.776,57.488,17.520652839575824
83.94396,57.46559,17.520980589719862
65.93984,47.48374,17.560798501425214
70.21596,48.95827,17.569547376775816
82.9376,57.606106,17.59930072443643
89.321144,58.485,17.611764365780537
62.5077,46.98352,17.66819729440527
73.66999,53.382942,17.693084093853287
64.68513,47.31625,17.714053409759632
87.32826,57.427334,17.762018317168177
65.08573,47.367462,17.809235861486044
91.49481,63.88324,17.869483262504822
75.22975,55.742268,17.904664103406162
71.975784,50.701736,17.916268645019905
76.896385,57.1869,17.93201437281629
102.75618,67.02618,17.985531083557646
74.49072,54.72918,18.045152459020187
85.680405,57.30765,18.067362934783056
108.2257,66.22078,18.114254619219636
75.2616,55.78057,18.18113576832927
96.17354,69.64566,18.229666903088553
75.10692,55.590275,18.27865099245114
86.42436,57.31382,18.30079377712599
82.18588,57.71076,18.309027792898135
85.36704,57.321854,18.31522665933707
92.37315,67.064415,18.338437519021838
97.39812,69.37628,18.349136215909233
86.3952,57.31232,18.380718109978368
88.03941,57.6382,18.38396023286925
81.61376,57.781876,18.396391945176532
109.1712,67.82467,18.453123252246364
94.671165,69.571976,18.481372373464904
105.836685,65.88438,18.504116273261783
60.13468,46.258873,18.600319714166645
106.91206,65.7769,18.698357586868198
78.7502,57.80835,18.75496735524242
90.17346,59.676453,18.777355929238652
75.03909,55.503464,18.807721483037362
63.017246,47.07784,18.836116686072415
87.971695,57.612152,18.888508507643554
83.36291,57.545387,18.897423836375697
76.465996,56.913887,18.9108197726287
98.47157,69.0022,18.959382605240883
63.293552,47.123356,19.039510984120618
91.36345,63.313972,19.102188448189523
67.70365,47.828712,19.156882002758444
108.97833,67.26634,19.245126019996192
76.536995,56.963158,19.310963214752377
89.993866,59.35945,19.33740118933187
90.68078,60.852715,19.340580428511238
84.48042,57.39982,19.354307508527047
104.75719,66.192154,19.397055580612744
75.93179,56.48401,19.45588733963261
74.25791,54.3652,19.46111016793189
95.47139,69.68443,19.5117220528267
66.915474,47.648926,19.58148818169264
64.950615,47.35013,19.58533233892935
99.93589,68.37108,19.664277091644355
69.47873,48.505417,19.73461145831982
70.85028,49.464436,19.73784852450256
107.775665,65.95579,19.81606960767065
93.13153,68.49046,19.844815703334064
96.121155,69.65203,19.851019418949836
87.57619,57.48619,19.87977519898046
90.154015,59.639984,19.88627256129095
108.58771,66.58643,19.924374893096427
92.21913,66.63875,19.956035451569818
91.19661,62.61863,19.964058821487303
99.95255,68.36338,19.98431448957977
60.347546,46.349476,20.071957568049854
89.694115,58.916718,20.133705984695897
64.39439,47.278908,20.187570203605688
63.84976,47.205925,20.18863305288292
86.998276,57.36927,20.237532714304052
61.12748,46.632626,20.291710617826556
89.4724,58.646294,20.351256969194196
85.695496,57.30719,20.359007899360286
71.49108,50.110435,20.389807466983868
91.66434,64.61559,20.43786644931158
94.34387,69.45993,20.448574315926027
97.142685,69.44894,20.45398787510079
87.99004,57.61907,20.48291828476132
62.495224,46.981018,20.536351509013308
85.49915,57.314842,20.5851294158931
80.33759,57.883514,20.595173406093288
92.62985,67.657394,20.625549146873972
70.42611,49.112743,20.681504902537668
84.324425,57.417862,20.71282120449723
83.71477,57.496323,20.71401013546707
59.839375,46.122692,20.76516256771194
100.65938,68.03047,20.854769750794027
83.208374,57.56737,20.894125927223243
100.0634,68.31197,20.932787950038616
64.75923,47.325703,21.0122277515866
88.327545,57.7659,21.0620864353632
106.79958,65.77472,21.101028980615112
91.09119,62.20636,21.13218650236532
77.039,57.26452,21.160998284894653
108.69649,66.736824,21.22491302093438
60.147415,46.26447,21.32682500204157
70.53592,49.198494,21.34770465857755
109.16109,67.78894,21.43061716018326
67.29219,47.728336,21.52041638196624
77.498215,57.47571,21.547713823126216
69.952415,48.781338,21.56998096191544
109.23152,68.058586,21.654611779987988
97.67729,69.28889,21.677086513691272
61.88685,46.845615,21.75879790936428
88.07303,57.651665,21.813590808490986
91.84337,65.347855,21.830167268848026
97.819046,69.24161,21.84396273409201
60.637165,46.46319,21.928303245993604
90.533325,60.46108,21.99215356461427
102.37935,67.20309,22.018517384841065
90.95332,61.70615,22.043042358150636
90.142395,59.618473,22.04737431256749
72.07845,50.83886,22.086222135046366
63.339672,47.130627,22.10458368216575
106.090744,65.836555,22.19484278261467
91.19957,62.630554,22.224305527902814
75.1933,55.697865,22.25804434223083
73.36992,52.867035,22.264557319620412
59.97834,46.18834,22.29350212174382
104.58249,66.254265,22.388104380817833
93.471085,68.877754,22.410187185314594
97.94429,69.19832,22.41886152634406
74.18652,54.250084,22.47315351754089
66.897644,47.645424,22.49217871374869
101.69692,67.5301,22.569701761200783
107.99879,66.066864,22.582215211571015
77.5509,57.49644,22.643396634643732
93.02741,68.34651,22.67995521023871
103.23123,66.80925,22.69991434149232
71.173195,49.771584,22.770134692872645
86.28685,57.307743,22.802800431875557
91.41611,63.540955,22.818414042690414
90.98685,61.823547,22.821838074769524
109.02727,67.38749,22.85835404599258
98.192055,69.10881,22.87957452313418
65.541695,47.427567,22.95538308279433
70.486595,49.159534,22.965517302864534
99.25664,68.67647,23.03276096603285
92.77989,67.94629,23.045367770900924
72.92796,52.12182,23.09447225809481
68.43725,48.052586,23.10619386322931
108.792175,66.89052,23.19233471433379
65.111694,47.37081,23.284874518413513
80.72796,57.86345,23.321264718150804
86.27493,57.307335,23.332047550610664
108.9266,67.14965,23.379818001739938
90.42641,60.204388,23.41803990949843
61.57305,46.764187,23.479606255147537
84.64991,57.38144,23.52873947807847
60.062675,46.226814,23.580961843929447
91.39406,63.445595,23.6501122792327
72.29997,51.148727,23.694040625344424
96.78804,69.53668,23.7532726234957
72.736084,51.81124,23.811062950214744
103.11453,66.861786,23.876637462827837
105.00918,66.10778,23.880581665932276
77.25473,57.37079,23.936861899400395
76.58755,56.997185,23.938340924526088
83.2125,57.56678,23.951202294165093
74.66855,54.993874,23.96846120986037
98.0049,69.17688,24.021281393685875
87.03318,57.374413,24.052450329803595
65.07935,47.366642,24.099117760929595
69.02798,48.286415,24.106959734251536
65.215256,47.38423,24.11453801837138
108.0334,66.08742,24.204913866191774
94.31137,69.4462,24.232238790761798
107.57962,65.88449,24.258811044463613
94.897156,69.624596,24.284386148412533
100.7065,68.007935,24.296049668715536
92.35725,67.023056,24.312310902804224
94.18422,69.38751,24.318090448171617
101.72847,67.51486,24.333125495044182
95.8431,69.676994,24.34525296327569
61.723045,46.80419,24.42470537330349
106.574036,65.78123,24.518902755861152
108.751526,66.8225,24.523571280186818
60.43008,46.382977,24.625052960125604
108.57575,66.57127,24.72603269679977
64.26614,47.26218,24.81952131271391
71.689354,50.34118,24.835065534499805
101.43974,67.65442,24.901644041967156
100.57817,68.069244,24.903493605005185
74.50287,54.74765,24.960129735790673
102.601295,67.09846,25.019496796907443
95.039154,69.648605,25.034932922339976
80.72862,57.863403,25.07079074990459
62.415585,46.9648,25.112010321697
88.9239,58.13536,25.16764967158017
64.06153,47.234978,25.22015774201376
104.307014,66.35753,25.306341649754057
101.23044,67.75564,25.3128780518942
73.213745,52.60025,25.374488913237762
66.00879,47.493973,25.391569866903826
89.58458,58.777718,25.442124440490705
70.43822,49.122025,25.483600468102356
69.982025,48.80033,25.484680173202502
78.67741,57.79699,25.50888106358131
91.83649,65.32091,25.538200304794273
64.95546,47.350746,25.600742166820744
71.93901,50.653633,25.615684425020977
65.86787,47.47324,25.62894103433767
92.43127,67.21072,25.69295114275204
90.68312,60.85933,25.705692952469978
80.35068,57.883034,25.72649075375166
90.47276,60.313026,25.746625334004968
73.8731,53.729454,25.781165725023456
77.55532,57.498146,25.791357011954343
91.09712,62.228897,25.81910210558922
105.5641,65.94757,25.847994037498665
82.168396,57.713078,25.895967542251636
96.435326,69.60661,25.931894113661723
94.53585,69.531166,25.935571010521397
88.86307,58.089996,25.960271568800746
77.83441,57.596706,25.98162472540853
73.236725,52.639343,25.99470240512707
107.81581,65.973236,26.06638613585051
78.99194,57.840218,26.124314630084335
90.56072,60.53042,26.14728820697525
75.884094,56.44023,26.176757776648323
77.1286,57.31024,26.17969480360354
81.77484,57.76297,26.18872420542727
104.22193,66.390625,26.235238351537593
71.02401,49.62521,26.307174115442816
91.43157,63.60803,26.355023539599582
95.125946,69.660126,26.368738258658457
106.54651,65.78294,26.392066387528516
83.06877,57.587334,26.440164755167007
103.004105,66.91198,26.48273365670428
86.875885,57.35296,26.51899672248663
83.05893,57.588745,26.526393616994127
83.46822,57.530525,26.52719324202675
108.08395,66.119225,26.577620338224857
63.58079,47.167305,26.671179439263696
89.38669,58.552773,26.72573580882037
108.690865,66.72847,26.766284927961422
73.95118,53.861115,26.837940175802935
83.51262,57.5243,26.857744908093682
91.512886,63.962044,26.877607054388307
98.40002,69.03002,26.894146255036677
99.7871,68.439415,26.897062247880843
77.459274,57.459953,26.94518814902064
75.331985,55.863655,26.950332413850386
68.97483,48.26307,26.969497994211775
108.617355,66.62514,27.054001292651304
75.59129,56.1508,27.121016639284214
87.94819,57.60343,27.14508215596416
88.749664,58.010506,27.146820878274923
81.34161,57.811344,27.161154844582867
84.76715,57.36956,27.16783545922029
73.57217,53.214813,27.190932115976008
94.08592,69.336395,27.24139701329147
90.851524,61.366608,27.258033401810195
96.14155,69.64961,27.27704317978186
65.72508,47.45289,27.349875041941456
64.80665,47.33175,27.351666871551465
69.514786,48.524673,27.361061199711457
103.56291,66.66317,27.435679893807976
78.61897,57.78725,27.48689036962605
108.37656,66.35202,27.546784613686633
67.16323,47.69993,27.634283948737625
72.97366,52.197197,27.648495711950055
89.93677,59.267353,27.684041886748147
100.23461,68.23191,27.710450071043958
94.63124,69.5607,27.721588786819957
77.33009,57.404915,27.76248699056625
73.97333,53.89826,27.771876310937852
91.524704,64.01352,27.811058864301867
107.013916,65.78232,27.841213084709832
97.71262,69.277275,27.860431931101072
71.18136,49.77982,27.92411613273183
85.02605,57.346073,27.95463289162604
95.80946,69.67895,27.986319945850394
107.06502,65.78634,28.009355824145764
73.80681,53.616898,28.077855641326547
74.49812,54.740444,28.080407244047436
95.28337,69.67529,28.129912495652185
62.302025,46.940937,28.207392821353032
83.24202,57.562572,28.25280792780751
75.65033,56.212082,28.267722436890736
93.46611,68.87289,28.309997288670775
89.843925,59.12573,28.33011011629959
89.38074,58.54648,28.331544662981514
94.69672,69.57887,28.355231784140596
100.69043,68.015625,28.367212743496154
80.62247,57.869995,28.41070713755532
96.78681,69.53696,28.449265754035363
92.98937,68.29054,28.456996363402087
88.21269,57.71157,28.47944756358603
104.55353,66.264824,28.51512227803703
90.45687,60.275326,28.544747390742742
64.24977,47.26003,28.601344662991178
92.2016,66.58662,28.667074544526525
94.81251,69.60705,28.67479685824664
84.18933,57.434258,28.706046826188828
107.67827,65.9176,28.754351851286934
80.38931,57.881535,28.809375692916813
69.65707,48.603363,28.836816062911254
95.539986,69.68551,28.901384822431645
95.196335,69.667786,28.90205040174148
102.68201,67.06071,28.917382316493683
78.28122,57.719532,28.967918955331488
60.184776,46.280754,29.00932779243463
90.20094,59.72892,29.072946304418508
74.76298,55.129288,29.104103857028555
69.83387,48.70744,29.119762213100266
65.2345,47.38674,29.129017894945218
88.59566,57.91242,29.17857818860725
84.237495,57.428337,29.187059669925745
90.82439,61.280334,29.201818785871914
80.953545,57.846912,29.222033162147245
90.03496,59.428215,29.239862895402464
96.37332,69.61691,29.263072243231047
90.58339,60.588936,29.283816906236364
94.82645,69.61011,29.30309952749414
70.6093,49.257812,29.364285848884503
86.12115,57.30362,29.39808502385592
61.838905,46.83373,29.449232045426335
60.43497,46.384933,29.452082935457376
63.404472,47.140697,29.45800970204077
83.94167,57.465893,29.50247089078043
92.522484,67.4257,29.52789891145294
92.51,67.39729,29.52795893388801
108.05853,66.10296,29.558137197525433
96.473976,69.59988,29.581542857099986
61.0614,46.611374,29.663205379498283
68.319565,48.012188,29.677503322609777
80.17167,57.88833,29.707343642401256
68.16829,47.962936,29.737469949027737
89.14569,58.318398,29.78271935429601
91.67175,64.64703,29.7958993925763
78.880356,57.8266,29.823938079502
95.52234,69.68534,29.863463634092028
63.234077,47.113846,29.939663078219777
91.38946,63.42578,30.00260112988937
101.31495,67.714775,30.023514918742638
89.827515,59.1017,30.051286015997906
65.60025,47.435562,30.103296663336028
102.7888,67.01104,30.184584162377277
82.1103,57.720726,30.228432083416
75.1078,55.591385,30.24258879941808
92.25764,66.75055,30.28216442334114
99.27986,68.666336,30.296243323909437
108.27411,66.26008,30.314251981252934
75.9808,56.528023,30.379489069102103
85.66717,57.308075,30.398285271092643
95.212036,69.669304,30.42849280063387
88.420784,57.81359,30.45492012212711
90.97214,61.77169,30.46402861850581
86.11294,57.303497,30.476796883442272
83.00083,57.597057,30.48284310252286
95.86464,69.67561,30.516973635362195
87.04689,57.376495,30.546244998561217
62.42662,46.96707,30.597947394024875
96.64554,69.56717,30.67726680512765
70.91681,49.5248,30.740349117828472
89.70112,58.925987,30.780978400343173
67.14601,47.69623,30.82971302614743
108.7751,66.861435,30.918356055309687
96.87378,69.516975,30.941941879810248
103.44414,66.7149,30.95575783497635
84.784294,57.367886,30.996124940391738
108.064285,66.1066,31.04422139727657
78.99724,57.84082,31.10267242568301
75.07477,55.549374,31.11145907558949
64.54359,47.29814,31.137336321376402
106.39838,65.795334,31.225845953752962
73.51332,53.11355,31.294018684739594
94.04462,69.31332,31.344603814334405
86.21326,57.305496,31.372332566022305
85.45016,57.317276,31.373808743386192
67.23327,47.71519,31.41363931248581
80.118805,57.889355,31.445395293650375
95.78493,69.68022,31.48332036379772
74.33629,54.489784,31.53415731180521
69.699036,48.627426,31.54861503788251
69.88797,48.74074,31.54904116372276
99.45998,68.586945,31.617926897942805
80.57764,57.872536,31.659919530922974
67.27801,47.725143,31.69227649773856
66.45993,47.565716,31.69388860969553
88.98872,58.185917,31.74206325290957
102.87527,66.97107,31.77384658612148
89.114716,58.29107,31.805315258313502
103.66346,66.61994,31.837740733285678
69.495834,48.51452,31.912533529410588
104.548,66.266846,31.988531288059683
76.76215,57.108192,32.04511945014288
93.71666,69.09297,32.08527905947999
91.92409,65.6556,32.0927774453372
79.28415,57.867607,32.12149396150532
90.17369,59.67689,32.142845445704765
72.17386,50.969986,32.18152032313546
80.188896,57.88794,32.20199919378314
91.94896,65.7472,32.22935774885944
61.372883,46.70753,32.29902733294084
71.50158,50.12227,32.31970184466828
63.63017,47.17456,32.33595941190551
101.726776,67.515686,32.419492377152935
90.375824,60.090282,32.44572800871107
91.53073,64.03978,32.45368710699083
66.54762,47.580795,32.51155397266044
90.31019,59.948853,32.563368938264034
79.13634,57.8552,32.5853577103104
90.2213,59.7685,32.607115471659725
93.804474,69.15888,32.626555886629646
91.59376,64.31324,32.63685774920371
91.87694,65.47777,32.63917584354911
72.1156,50.8895,32.68668552875345
67.13384,47.693638,32.698133657564455
96.08626,69.65599,32.76842291306503
91.598724,64.3347,32.78188680579097
66.64534,47.59809,32.84000306229788
68.371185,48.029675,32.843444016826936
94.883026,69.62184,32.90957896966226
94.20091,69.39569,32.91096895244948
107.209564,65.802795,32.93707257785043
64.80259,47.33123,33.026540341849916
106.30962,65.805176,33.11441686012502
78.06683,57.66564,33.17126796410347
108.362,66.33818,33.23221915825093
91.44267,63.656235,33.26535341674929
95.60663,69.68545,33.27952609849199
65.882416,47.47535,33.351296194415994
93.19939,68.57742,33.41806213936282
72.13528,50.91654,33.471230381617644
91.82323,65.26865,33.51835542051471
85.487236,57.315414,33.53802355008486
105.93381,65.864746,33.58088964823307
64.528496,47.296204,33.66866117237433
103.69304,66.60733,33.75312208427056
92.60803,67.61209,33.77465080365373
62.873985,47.052788,33.84457212598848
85.33308,57.323883,33.892340110971205
94.59474,69.549835,33.92200701582292
94.49611,69.517746,33.92220763047837
73.169815,52.52574,33.974949711411554
61.110256,46.627132,34.00091628938556
82.40662,57.68091,34.047326274715324
67.73822,47.837887,34.08149394718131
63.281425,47.12143,34.09022503496622
87.61714,57.49731,34.141395453923565
108.42828,66.40341,34.18517984367705
92.11984,66.333176,34.21672420908659
73.192955,52.56496,34.26199443833195
75.71009,56.2726,34.27066235876801
66.186676,47.5212,34.29567908602824
103.15089,66.84537,34.37635652396496
66.668106,47.6022,34.456136687152735
60.40222,46.37177,34.46848773635852
76.193886,56.70839,34.50499388159065
107.47508,65.855,34.568031978467815
108.17935,66.185455,34.56953669134414
93.34307,68.74523,34.59865727805002
68.42618,48.048702,34.66130914369618
73.4466,52.99876,34.67494609040046
63.97435,47.223145,34.69640468594858
93.482086,68.88845,34.7672111068719
84.689705,57.377327,34.795228028979565
78.00832,57.649353,34.80816198849256
89.36037,58.52517,34.830184574613554
94.20148,69.39596,34.853201799173895
90.89169,61.497574,34.86976611356707
86.18367,57.30478,34.881960120994364
71.80492,50.482746,34.91274327880384
90.775856,61.130463,34.95482175154373
92.86107,68.087296,34.96886923865125
81.599075,57.783546,34.99839377711456
90.75035,61.053925,35.01719067255098
60.830315,46.53325,35.08151783516081
72.05026,50.8008,35.10473643651879
92.987236,68.287346,35.15749969151584
73.36859,52.86476,35.20576791549659
105.92935,65.865616,35.27358218707687
108.768776,66.850845,35.27939547377359
61.71777,46.80282,35.378319324433846
97.916435,69.20806,35.46066199744385
75.93578,56.487625,35.50978345975494
84.93327,57.354027,35.52726706277508
69.430305,48.479984,35.56181819849788
70.10975,48.8848,35.56334796965698
77.838104,57.597893,35.58587520805429
70.49333,49.16481,35.607505832826
94.70233,69.58035,35.66875887421898
75.10361,55.586082,35.71533897084767
80.41974,57.880272,35.72653816566661
72.87217,52.03049,35.74500824939198
74.19339,54.261223,35.75002298317233
74.18218,54.24304,35.75006429969128
92.17143,66.495125,35.7921630573596
64.59721,47.30501,35.857142354458055
68.19987,47.972977,35.864229444942374
79.73636,57.88878,35.89365332408611
91.73172,64.89813,35.9205257025984
92.2511,66.73182,35.924211985874834
100.74252,67.99068,35.94081574821172
74.028275,53.989967,35.999153204250376
88.246544,57.727093,36.027588525299585
99.75615,68.453545,36.05801960355278
87.15074,57.393425,36.090455840860436
76.69203,57.06481,36.11069524568043
64.92896,47.34736,36.140207037353704
89.27333,58.437515,36.191950157944845
70.878716,49.49006,36.23151513601697
87.20424,57.40297,36.26660596438609
91.60666,64.36891,36.282544859510764
107.03839,65.784134,36.31251844107949
95.506256,69.68513,36.33606573481796
68.23434,47.984077,36.40347795495846
88.98692,58.18448,36.44820473846511
83.52255,57.52291,36.45885119937451
90.122345,59.58177,36.4722233735791
94.40691,69.48514,36.49309449063072
70.03012,48.83165,36.55489250437812
75.17955,55.680965,36.571467039578394
66.553894,47.581886,36.59435276833379
108.864975,67.02371,36.68441780473645
91.55096,64.12774,36.71837209982691
91.421776,63.56553,36.71948787452959
89.36453,58.529503,36.73001005939787
94.73946,69.58985,36.75379552258949
106.4857,65.7874,36.777676084015084
78.30089,57.724037,36.83437873453191
76.54207,56.966614,36.838082717135144
72.66122,51.69296,36.85074740128309
96.79643,69.5348,36.90880099188358
62.54285,46.99052,36.98811694320996
67.375626,47.74745,36.99757854355024
78.261475,57.71494,37.02612726654038
79.11521,57.85319,37.02780008698571
67.77287,47.847206,37.05705530626595
78.71129,57.80238,37.085663067114965
95.32165,69.67792,37.125157713284686
77.070885,57.28105,37.16783221931361
65.4919,47.42083,37.197248664515584
67.60761,47.803864,37.2014074321621
72.98577,52.217255,37.21486417042994
102.60158,67.09833,37.278972402138244
73.120895,52.44314,37.34265151830857
86.750656,57.33892,37.37066357472392
88.76584,58.021458,37.374778881210105
103.89983,66.52051,37.4083514366656
66.535675,47.578712,37.48937811654983
60.170826,46.274693,37.50194484181179
81.70554,57.771225,37.54916171223172
85.559296,57.312134,37.55666842070796
69.15602,48.34472,37.59282753130198
68.519165,48.081837,37.59416016624033
72.3642,51.242073,37.60378693407965
91.07444,62.14315,37.645670967938955
95.97797,69.6668,37.66304126743506
75.66506,56.227142,37.710152025433246
77.75311,57.56984,37.714953714760505
95.21683,69.669754,37.75604796322624
65.84555,47.470016,37.82726029089113
91.98027,65.86028,37.88907134519489
93.52475,68.928955,37.89571621615169
93.201996,68.58066,37.89663467336351
60.308304,46.333233,37.97344389121679
75.23153,55.744415,38.00756916054722
89.61097,58.810204,38.03600724919404
64.27618,47.263496,38.08985977540611
72.75043,51.8341,38.10848292038233
77.62056,57.52281,38.1229675619705
76.89872,57.18822,38.12450645483957
76.76975,57.112797,38.12479543686297
94.657684,69.56824,38.166955891605994
98.507935,68.98793,38.1744872276817
70.626236,49.271732,38.24053779056207
90.3494,60.032482,38.283995186981755
72.24121,51.064697,38.32308015631294
103.509415,66.686386,38.39068757506281
92.53045,67.44365,38.411973736905296
93.36183,68.76561,38.4149943204606
75.771255,56.33296,38.456658604517685
70.82008,49.437523,38.47307795782961
100.63961,68.039925,38.541058313795695
84.704735,57.375797,38.57814508374517
64.78026,47.32838,38.621306113922266
98.422134,69.02146,38.69873198990459
91.385315,63.407906,38.716143044537624
74.11646,54.135715,38.75405503720106
92.91069,68.16864,38.7994224855083
75.74894,56.31112,38.839769656236236
89.217636,58.384216,38.86612783449506
74.48731,54.72399,38.89548590483759
88.498215,57.85579,38.923254806568956
105.00969,66.10762,38.958957840294296
106.4875,65.787254,38.96188264142294
91.82186,65.26326,38.99026728192734
95.66847,69.68445,39.001602412984205
60.162483,46.271057,39.08386608196803
91.62011,64.42674,39.15411869775987
86.021736,57.302708,39.171643779801855
82.077225,57.72504,39.17931692915452
63.15209,47.100487,39.22129622017625
100.74265,67.990616,39.30447764853414
64.14195,47.245758,39.38585192107776
90.351776,60.03763,39.44226303943568
94.228836,69.409035,39.46187936606001
73.50292,53.095657,39.51289616383358
108.063095,66.105835,39.58432277716951
92.46005,67.28045,39.61458785967129
92.62915,67.65596,39.61538442529825
108.85826,67.01076,39.64679985362662
99.17049,68.71384,39.66582545511421
66.43058,47.56076,39.741219128826266
71.08151,49.680702,39.7511054797805
69.797035,48.68516,39.75424879471046
89.78822,59.045315,39.79780007081671
84.410904,57.40773,39.808672578655276
71.84494,50.533012,39.83637751745614
64.1899,47.25213,39.852486639121075
91.41643,63.542336,39.91385515498594
70.972946,49.576897,39.961742944311226
63.28233,47.12157,39.97735798855325
93.54112,68.94409,40.04951796404696
61.28032,46.680004,40.12533457818324
97.04733,69.474106,40.207370267864924
89.51759,58.697968,40.232797847903214
85.229065,57.330647,40.241504194038235
83.33177,57.549805,40.24519837690051
67.952774,47.89765,40.28031801861947
72.9345,52.132576,40.29296493193175
91.81212,65.22459,40.337399994026825
75.106705,55.589996,40.37470063299921
108.52591,66.51072,40.44270442221304
93.44847,68.85542,40.47221799904722
84.54432,57.39273,40.50029263051317
72.1177,50.892372,40.52741830349212
73.3323,52.80255,40.53179666193333
66.83591,47.633465,40.54785445770848
107.32171,65.821144,40.63370173370371
89.26429,58.42873,40.67144219183108
71.397316,50.00657,40.709647840287055
97.1004,69.460236,40.77199729970605
67.70071,47.827938,40.84259751897784
101.77201,67.49386,40.91868881558945
72.81671,51.940514,40.98226299241234
66.95492,47.656746,40.99630589897605
69.23573,48.382534,41.000935457152515
98.47505,69.00084,41.07013754820148
85.81798,57.304234,41.103471926134375
87.33624,57.429016,41.106418472973274
98.2495,69.087364,41.13730644080129
63.80892,47.200195,41.21623583554817
109.20957,67.968925,41.31280269009538
97.583694,69.31906,41.33544079369379
93.35503,68.758255,41.3436915644853
72.26632,51.100445,41.396892464879706
70.5163,49.18291,41.401913803664925
91.655624,64.57858,41.45249637594038
81.65439,57.7772,41.47589029304817
76.016754,56.559704,41.487046091336715
100.111855,68.2894,41.53888022578379
72.69365,51.743988,41.60082076843574
76.67657,57.055027,41.613661233406
93.26558,68.65738,41.65281707317816
62.31653,46.94403,41.72594260867745
71.94115,50.656406,41.745895547244
90.94959,61.69326,41.78841020336458
67.25657,47.720352,41.841613544274296
77.74708,57.567787,41.86944362150201
104.356155,66.33866,41.923635246911985
61.57074,46.763554,42.01464170978142
90.48378,60.339428,42.07642379051254
103.7578,66.57987,42.10479440081146
79.338486,57.871452,42.154940255452814
69.94244,48.774986,42.18023575380399
65.86302,47.472538,42.18851864173865
108.9728,67.25333,42.28026119520883
88.166626,57.691086,42.32455154431978
69.50011,48.5168,42.364781707022026
64.15734,47.247807,42.375403280622194
106.73876,65.77509,42.46522343345251
65.42354,47.411663,42.552674093875396
69.12091,48.328438,42.56004217395796
91.79831,65.169464,42.61467773364268
69.86907,48.72903,42.66769010028075
73.43703,52.982304,42.6784281755416
80.06997,57.890076,42.69438777103846
97.687965,69.285385,42.73497164109908
97.993706,69.18086,42.73559661503924
98.5002,68.99097,42.736642871952334
77.31186,57.396797,42.78336015919226
100.200325,68.248,42.83235471515274
84.696144,57.37667,42.86898072132177
63.052322,47.083813,42.91533734346076
108.931305,67.159836,43.01220144634046
91.39873,63.465813,43.046857801549976
70.67719,49.314163,43.09539284695055
78.95845,57.836323,43.11837721980911
77.1564,57.323967,43.12200092016085
72.75485,51.84118,43.13560035438112
93.89674,69.2225,43.18853893447077
75.85218,56.41043,43.23134397496946
91.99978,65.92945,43.267599941243304
100.40941,68.14945,43.28442321871602
75.82119,56.38108,43.33714883932796
100.068184,68.309746,43.38941603187487
69.27798,48.40306,43.460333874563226
68.08713,47.9377,43.46280686369164
76.1156,56.644176,43.48571400007442
70.59317,49.244633,43.50357286027888
75.14876,55.6428,43.518764775411555
72.93849,52.139145,43.526777408836544
61.160267,46.642998,43.55191734075292
89.36041,58.525215,43.6111067765219
77.92816,57.625885,43.63328755080465
70.95355,49.558777,43.653914276631795
95.34987,69.679596,43.7150804598352
60.296303,46.328224,43.79654843931159
68.79142,48.186165,43.81336823401436
73.007,52.252502,43.8246972379263
61.384605,46.710957,43.84960203020666
74.54482,54.811005,43.87949192321395
67.30939,47.732227,43.89907061541269
81.10942,57.833633,43.93214965285621
98.16553,69.11862,43.97170720951896
99.237015,68.685005,43.97394296943917
93.97147,69.27005,43.984190352052046
94.69014,69.57712,43.98570198808998
102.01866,67.37517,44.00050296110228
73.18266,52.54751,44.06321978343929
103.25039,66.80068,44.127580749177476
82.157135,57.71457,44.17200391439547
80.22011,57.88717,44.17576538677112
75.50197,56.05521,44.18555507417835
91.57112,64.21529,44.22041418923073
68.68808,48.145233,44.27449901929319
93.74347,69.11367,44.33769343383756
63.62567,47.173904,44.40976569648694
100.09355,68.29793,44.4912816876559
70.36545,49.066875,44.55976483272301
100.467865,68.12173,44.6286741134389
90.90519,61.54245,44.651125346982745
107.55025,65.87565,44.68439358986357
62.307518,46.94211,44.77925673787136
97.98268,69.18478,44.860573364193925
87.928406,57.596226,44.89024851283859
100.68833,68.01663,44.9221132729385
106.43484,65.7918,44.93403223640653
92.24896,66.72568,44.961530208706975
85.6312,57.30931,44.983791598083776
80.17133,57.888336,44.994411395789655
83.765945,57.48936,45.0014068594489
76.35103,56.83035,45.015805451582864
92.03361,66.04701,45.05098961737844
70.16311,48.92134,45.10471796984068
59.84809,46.126892,45.125388647189304
100.11781,68.28661,45.21429332619697
91.96269,65.7971,45.23078570994999
80.11169,57.889473,45.258342492646
81.57115,57.786705,45.26117239572273
65.22337,47.385292,45.298650292877866
75.76039,56.322357,45.32537470879309
89.13948,58.312866,45.35153761624818
64.263336,47.261814,45.404187728040405
94.64974,69.56601,45.47709543814853
103.55275,66.66757,45.4952053914435
108.47615,66.454254,45.5047372528952
83.710495,57.49691,45.55567632421551
90.38276,60.105675,45.569533313296695
85.36,57.322266,45.580640419759646
78.65645,57.79356,45.59363854971125
73.12688,52.453217,45.60850756521181
88.90617,58.12194,45.64093790797186
107.78821,65.96113,45.68048234071414
70.61375,49.261456,45.75930781210925
85.36729,57.32184,45.7918254993375
82.881134,57.614174,45.79666739550943
83.610146,57.51072,45.79809159089694
91.25486,62.856224,45.816134437954986
81.608475,57.78248,45.83721613484807
74.33641,54.489967,45.852656422991565
88.2097,57.71022,45.880203798339416
81.15067,57.829887,45.89385946069862
90.97745,61.79033,45.91435219472228
102.17592,67.29987,45.93849203421421
80.363945,57.88253,45.984445421231634
69.68271,48.618015,46.0117939198883
107.842575,65.98546,46.09288825227259
66.71343,47.610474,46.18001926650273
91.69191,64.732086,46.238593626526516
61.65624,46.786625,46.30626861218342
64.09157,47.239017,46.31105965442107
88.44267,57.82528,46.362418325404015
93.24431,68.63218,46.38529161148297
77.11195,57.301918,46.423422095844344
72.91082,52.093674,46.436364787179684
86.75098,57.338955,46.46499271176453
93.4509,68.85784,46.49076746971905
66.28649,47.537056,46.55756048993971
60.21954,46.29573,46.56953840092563
62.643364,47.010105,46.57442598736014
82.99758,57.597523,46.61880300817625
75.99763,56.542915,46.63249523359157
83.52044,57.523205,46.64716900471488
92.27011,66.78596,46.671814562782366
76.150826,56.67336,46.7086204429948
107.30673,65.81839,46.77142511718375
75.169586,55.66866,46.83661178376797
91.07968,62.16285,46.86985026604865
75.96593,56.514763,46.90105815499677
72.62758,51.64039,46.912485452264036
86.219795,57.305668,46.940967993535956
107.32276,65.82134,46.98498374219302
72.99829,52.238014,47.05638430724423
68.707596,48.152836,47.06784342217326
94.65467,69.5674,47.13291581156038
91.86037,65.41393,47.142598387301085
63.201546,47.10858,47.20837356404899
78.75449,57.80899,47.244888440319734
93.60872,69.004265,47.280866050158224
90.41127,60.169785,47.299038611782414
104.131004,66.426575,47.32820482639709
97.88172,69.22011,47.34144502156112
102.61474,67.092155,47.35148241319769
107.555756,65.87727,47.361324062587684
92.46695,67.2969,47.390637985960325
72.67619,51.716484,47.43935660767624
67.452995,47.76572,47.45202393230647
84.50014,57.397614,47.48989601980801
108.72133,66.77463,47.5401333715021
63.114395,47.094242,47.636209882599495
99.2739,68.66893,47.717653469782945
84.140175,57.440384,47.75410256261463
103.43147,66.72045,47.7955089945964
59.657204,46.032295,47.889157616881135
93.756195,69.12332,47.96881208769934
109.13145,67.68934,47.99868023950972
90.7854,61.1595,48.03634618561412
101.67897,67.53877,48.060763717135835
61.235565,46.66638,48.1487934819153
67.11559,47.689766,48.160337701415145
77.40126,57.435764,48.18774492323215
72.42838,51.336876,48.20296587317242
75.18578,55.68863,48.21293057098089
81.810165,57.75869,48.22635460252901
91.10602,62.26284,48.24633426476584
90.87813,61.452896,48.24796170307498
66.993416,47.664486,48.301305442247646
76.052086,56.59034,48.32590351829898
91.9487,65.74628,48.36138645416649
89.03765,58.22564,48.37698472209364
95.62015,69.6853,48.40254664458072
105.923256,65.8668,48.42379972202008
104.69525,66.21385,48.426267985704015
88.494125,57.853497,48.461530845653506
70.16757,48.924427,48.50096189792663
73.209045,52.592274,48.510178129898875
80.97919,57.844826,48.52831903525883
77.03718,57.26356,48.536026185954114
65.9922,47.491493,48.56455080669027
104.72093,66.20482,48.64774697348728
59.79893,46.103054,48.74293853059956
84.04517,57.452446,48.79471955909082
73.509964,53.107773,48.81676172828846
90.56827,60.549805,48.852759470204376
105.81155,65.88971,48.8840000599215
60.876972,46.549515,48.97862185101099
91.07358,62.1399,49.04435382019357
80.93023,57.848774,49.06565668914783
99.701614,68.47835,49.107381702721526
65.12425,47.372433,49.185736711110295
96.00299,69.664505,49.259400523617295
87.71003,57.5241,49.28783830062093
67.07552,47.681355,49.33205802924956
61.176346,46.64804,49.343642038356386
83.739655,57.49293,49.39206376113109
91.01076,61.90893,49.408518261719415
95.77666,69.68062,49.4261518113234
92.294785,66.85496,49.43482517809356
89.40667,58.574062,49.45178844132422
75.35142,55.886196,49.47946700001978
90.22649,59.778687,49.5092073937192
80.50059,57.87655,49.52837579885896
91.21184,62.680096,49.55108164684786
69.97291,48.79446,49.60016289329832
82.67561,57.64338,49.63010655531334
77.95511,57.633926,49.639237048156474
95.68245,69.684105,49.68069728249368
77.285355,57.384842,49.72350099847734
66.74251,47.615845,49.751301627136726
101.096756,67.82022,49.82839011429214
60.113205,46.24939,49.917970752571186
91.64017,64.51271,49.98844368566076
69.22031,48.375122,50.04187404181476
91.748474,64.967224,50.09599122711769
88.14487,57.681667,50.111712657672776
90.63152,60.716778,50.11930192422379
86.95507,57.36321,50.12892700474197
84.41672,57.407063,50.13383745881476
96.45621,69.603004,50.16698491049284
93.566376,68.967,50.172708247725566
77.953735,57.63352,50.210024231019126
62.79821,47.039093,50.245790620978475
76.28804,56.78256,50.2779772272055
65.886795,47.475983,50.30497313266699
72.85427,52.00136,50.32104283205023
91.0427,62.025208,50.36121204492415
108.36714,66.34303,50.395746352278174
91.52864,64.03064,50.428621352257565
66.40358,47.55624,50.4867340361347
96.25853,69.63428,50.55855468968181
70.447,49.12878,50.62231674405623
75.64543,56.207054,50.639303276394216
108.59761,66.59918,50.706134414337015
96.7626,69.542336,50.72972311909364
87.48485,57.46286,50.75918363451667
91.92407,65.65557,50.777206887298526
91.267975,62.910576,50.78266585568446
94.64448,69.56451,50.797098233612665
77.05267,57.271645,50.83860901032738
90.7422,61.029804,50.86606720358375
91.84317,65.34709,50.87468502645045
103.16905,66.83717,50.89678052344296
82.528534,57.66403,50.940468904825885
90.1554,59.64258,50.955709232370864
62.003117,46.873657,51.01550116722933
73.24899,52.66022,51.03996378110977
62.124397,46.901768,51.06419300096803
60.7592,46.507973,51.066941249552706
94.8665,69.61853,51.14663021395594
69.8923,48.74344,51.209588332175336
94.341606,69.458984,51.27157095025899
68.44489,48.055275,51.33655486864804
92.46763,67.2985,51.3960896282187
90.489876,60.354137,51.41005565605913
92.59261,67.57953,51.424610922850675
91.9769,65.848236,51.428165085442295
71.54891,50.17617,51.4779657041434
75.39253,55.93335,51.49135498091904
87.49829,57.466167,51.51495710937027
71.9706,50.694912,51.54772249707018
97.923706,69.20552,51.60938147097043
61.87644,46.843052,51.69143164498244
69.403595,48.466164,51.70632544197073
81.06829,57.837276,51.735266590387134
70.98824,49.591274,51.760456310248216
73.81903,53.6377,51.77000808255625
69.648605,48.59856,51.782659903213684
73.7171,53.463707,51.794926916484805
90.81778,61.259613,51.831278344662714
91.68062,64.68451,51.83810983400208
86.332214,57.30947,51.855731041279135
92.65396,67.70644,51.87926669999234
107.41029,65.83939,51.90803620652648
92.45552,67.26959,51.937093964364635
71.78009,50.45189,51.98864398395428
87.00354,57.370033,52.02098732695537
60.457184,46.393784,52.07654979796319
75.3225,55.852585,52.1106297328778
60.64668,46.466747,52.14432476229135
93.506226,68.91156,52.22129397437191
68.08054,47.935688,52.285048462341955
70.64191,49.28469,52.29064782129119
91.48657,63.847363,52.33983065615202
102.22362,67.277115,52.3616322532378
92.74861,67.88919,52.37999718409667
72.59971,51.597115,52.43011581640554
104.50883,66.281265,52.49805660471356
82.30322,57.69502,52.54410612823105
100.97779,67.877594,52.58524746004349
91.70195,64.774185,52.604166477586425
105.71134,65.91201,52.631352913579526
93.10398,68.45364,52.656228893723984
75.091415,55.570618,52.69906318038344
75.30684,55.83423,52.699721664947305
109.13041,67.68598,52.76904381769113
85.9569,57.30271,52.81816014643281
102.94177,66.94049,52.85593302636942
76.47626,56.921112,52.91066869208389
66.10071,47.50788,52.937765761437596
97.48706,69.349304,53.01172653177415
84.73065,57.37318,53.04557001007085
85.84524,57.303776,53.04773004525192
90.333084,59.997368,53.05785400397612
60.53498,46.424286,53.12118761462754
74.271736,54.38732,53.15189897009495
65.07225,47.36573,53.17428358264301
98.125984,69.13316,53.25083488310474
73.800125,53.60552,53.30665491127742
85.27851,57.32733,53.32999453111993
90.61484,60.6719,53.342175890419604
72.66233,51.69471,53.380999380937666
100.50184,68.10559,53.44350650029088
69.153114,48.34336,53.515184555988895
81.35635,57.809837,53.545057616892116
63.20701,47.10947,53.5858093569233
74.22901,54.31878,53.61128371852842
62.431854,46.968147,53.63816897511119
74.829315,55.22218,53.66697687965734
74.090576,54.093124,53.669586642349806
65.12889,47.37303,53.69125259834115
102.88513,66.96653,53.77352938254963
92.73552,67.864815,53.79323767486519
59.73239,46.07021,53.8697362014406
91.28689,62.98943,53.93898947288704
106.53476,65.78374,53.96897332248445
104.83371,66.165855,53.97234551491455
73.09972,52.407494,54.03924648397988
74.73898,55.095226,54.04533576146277
100.25046,68.22447,54.100831721371414
93.471634,68.878296,54.11400429336638
91.42465,63.577984,54.12499423339919
108.54666,66.53543,54.15860232794638
98.45443,69.008896,54.178700621801816
106.14746,65.8275,54.194802794129735
88.2454,57.726562,54.2328095044757
89.54272,58.727425,54.235978769524415
94.18139,69.386116,54.25846274618051
69.857796,48.722084,54.32019549163293
93.48164,68.888016,54.380273140098026
102.95475,66.93455,54.39898171919702
108.14934,66.1637,54.409139212254146
60.91282,46.561836,54.508059307835026
72.97995,52.20761,54.53382802328703
69.18533,48.35849,54.54428262024452
82.45297,57.67452,54.575639545253665
75.40475,55.94721,54.58967575725067
94.70668,69.5815,54.63538465492738
66.38989,47.553963,54.70477572105349
85.68559,57.307487,54.7465948879829
91.82716,65.28422,54.766066913080266
89.7041,58.929947,54.779025329815475
67.60827,47.80403,54.82687569111801
95.1492,69.66282,54.894885092960266
71.771065,50.44073,54.953425971205355
89.18031,58.34965,54.990411168319554
70.97144,49.575485,55.02950672305702
91.24528,62.8167,55.076343490045886
71.59446,50.228844,55.121482049276956
89.76611,59.014305,55.160522266843266
60.1482,46.264812,55.22289201970717
90.41255,60.17267,55.287315099137345
72.2048,51.013283,55.326737878049634
103.00715,66.91058,55.39378325372153
94.840866,69.613205,55.41042116617933
67.78788,47.85128,55.47757628549784
68.921295,48.24004,55.4798939302177
65.37079,47.40465,55.486948911221155
79.12666,57.85429,55.52036214704941
70.87838,49.489754,55.543084025817144
62.683712,47.017796,55.55963974955469
87.21895,57.405693,55.61117444896567
79.231995,57.86356,55.62664832241416
85.43817,57.3179,55.63869872407338
83.24183,57.5626,55.64297320837344
71.28004,49.8813,55.67046951168543
63.85177,47.206207,55.685740686062026
73.643036,53.33666,55.708084989639396
74.49638,54.73781,55.711258178109986
62.014904,46.876442,55.73978958365388
76.85078,57.16078,55.774705873287914
106.00844,65.850784,55.83355459483001
89.04281,58.229904,55.869528465214074
66.20708,47.524403,55.91831058214538
73.70315,53.4398,55.93678038479999
90.344604,60.022118,55.97139504083916
77.9424,57.63015,55.99582568595177
72.10098,50.869507,56.01310729918274
88.27256,57.739296,56.047092004643865
86.03778,57.30278,56.051496243290735
106.53433,65.78376,56.094400818190856
90.515915,60.417786,56.12707612109555
76.8132,57.138786,56.15432843402593
96.25579,69.63467,56.199031942313006
89.20851,58.375675,56.22472350293561
84.65648,57.380756,56.23373596957638
69.06832,48.30447,56.26862540169817
88.200775,57.706203,56.30985843227939
68.87168,48.219135,56.35150561867189
70.08375,48.867264,56.35416415487397
102.697266,67.05359,56.42639064722164
103.79439,66.56447,56.42871406009105
79.02786,57.844223,56.479500580306116
91.960556,65.78938,56.508858675316276
67.67479,47.82115,56.567291763232674
108.290955,66.274345,56.653580273975855
77.75396,57.57013,56.7149980486089
105.92259,65.86693,56.77179652784519
65.65896,47.44366,56.85744059328434
74.81486,55.202095,56.88065312488429
91.2688,62.913998,56.91580087722472
74.90337,55.32367,56.95069409857242
65.2675,47.391052,56.9748351513461
74.96747,55.40959,56.99917759927703
81.52294,57.792076,57.012668740027614
72.29049,51.135082,57.034684326615164
63.81196,47.200623,57.05276335881088
92.368774,67.053085,57.120034433839244
73.19418,52.56704,57.16651648778984
67.026276,47.671177,57.1817480699496
72.813805,51.935818,57.195653286428595
91.527756,64.02682,57.23874791194082
91.381546,63.39167,57.24000856030686
75.74131,56.303604,57.27322182419256
66.84778,47.635742,57.29724249553035
75.32935,55.860588,57.32009453217094
90.15506,59.641937,57.34968871220475
78.43132,57.752106,57.37265770311125
67.4036,47.753998,57.40144915347424
79.44348,57.87784,57.43187550336099
72.78293,51.886124,57.44920414935068
63.497665,47.1549,57.469360945934966
78.452,57.75628,57.504816870237775
74.60514,54.90091,57.51408326073233
70.95133,49.55671,57.52660510588232
63.405975,47.14093,57.54192923457118
62.25726,46.931282,57.544187799964234
103.14009,66.850235,57.63215049250097
93.87184,69.20588,57.65064726972711
71.068146,49.667698,57.708730155549986
91.745514,64.955055,57.75846839781039
92.397835,67.12747,57.7628556663956
79.49245,57.880356,57.793563958195215
67.439514,47.762497,57.82400219896396
89.4984,58.67582,57.87160498452747
65.85608,47.471535,57.92220965274635
88.19357,57.702984,57.96973185014414
100.70323,68.0095,58.00108264077562
75.34665,55.880684,58.05544979160108
92.35115,67.007034,58.094755297547685
74.65145,54.968967,58.13615814910943
107.554955,65.87704,58.203206813622714
82.36133,57.687115,58.25444692356104
64.15521,47.24752,58.29504006327627
99.85594,68.40788,58.37531133087409
86.2427,57.306313,58.40928783912657
71.23525,49.83481,58.4417139420467
62.012077,46.875774,58.46044919561025
88.08503,57.65656,58.5150210221112
90.30103,59.9297,58.52116130920615
97.50038,69.34519,58.54408665161685
78.20935,57.702457,58.587668703766134
89.69249,58.914574,58.61000299153698
77.78333,57.579998,58.63318208551034
102.222565,67.27762,58.684038405749334
103.37663,66.7446,58.68649720372553
88.05079,57.642715,58.720974365597996
61.323864,46.69306,58.77684023502727
99.09203,68.74754,58.86143510748039
63.55176,47.163,58.94186236144168
61.390564,46.712692,58.94613236126961
91.99266,65.904305,59.016000370363635
85.971016,57.302673,59.03630949655758
76.34292,56.824272,59.05495530478744
85.57265,57.311577,59.07283247652781
60.723568,46.495083,59.12525203865663
75.2715,55.7924,59.15864643025575
90.50387,60.388172,59.1894209346442
71.57442,50.20557,59.230995793347205
107.392746,65.8355,59.30658503959306
64.48219,47.29025,59.39700308785518
86.88357,57.353905,59.44450374781831
69.25433,48.391533,59.482756012103984
108.74148,66.806335,59.56702976625442
103.59305,66.650154,59.57699253152157
70.04951,48.84444,59.650447297451784
74.51631,54.76802,59.664797198577986
86.23917,57.30621,59.68799715834742
88.88016,58.102543,59.69333257585672
72.96931,52.189995,59.726163798388384
62.359524,46.95313,59.74904914231826
61.24078,46.66798,59.75128222042189
74.017296,53.9717,59.779747681229104
84.35088,57.41473,59.8008153355097
99.65326,68.50026,59.83736395406263
66.53338,47.578316,59.91313627890367
83.44702,57.53351,59.951097098465205
63.372417,47.135735,59.99482511080776
66.02347,47.49617,59.99999999999999
